id|F_Name|L_Name|Subject
97398|Codi|Vannoort|Sports
61256|Janene|Dowyer|Music
88134|Inge|Elfleet|Music
51702|Antonina|Maraga|Sports
84412|Pearl|Wastall|Sciences
40150|Tony|Dominy|Language
75247|Cirilo|Leng|Music
04700|Cindie|Canceller|Music
51374|Bili|Allcroft|Music
32131|Korry|Toller|Music
01121|Ronica|Grills|Music
16632|Tabatha|Beattie|Music
78136|Nariko|Neising|Social
76390|Gayleen|Braddon|Math
85829|Addie|Rollingson|Sports
47031|Nicolette|Champion|Music
71057|Branden|Grouer|Sports
95579|Basil|Copas|Sports
32829|Gennifer|Sprouls|Sports
77833|Celinka|Polet|Music
61204|Kissee|Aldin|Language
08288|Stinky|Dahmel|Music
01733|Baird|Tynnan|Music
09923|Isahella|Letixier|Sports
30269|Arvie|Baptiste|Music
66607|Hadleigh|Lints|Social
52713|Noak|Kaasmann|Sports
90348|Elizabeth|Calderbank|Music
64978|Boote|Sokill|Sports
12816|Della|Garralts|Music
